tsz/carts/claude-sweatshop/SpecAnchor.c.fart	203
tsz/carts/claude-sweatshop/acceptance-checklist.c.fart	142
tsz/carts/claude-sweatshop/affect-heatmap.c.fart	296
tsz/carts/claude-sweatshop/affect-radar.c.fart	175
tsz/carts/claude-sweatshop/autotest.c.fart	226
tsz/carts/claude-sweatshop/avatar.c.fart	62
tsz/carts/claude-sweatshop/badge-group.c.fart	62
tsz/carts/claude-sweatshop/boot.fart	190
tsz/carts/claude-sweatshop/bounce.effects.fart	31
tsz/carts/claude-sweatshop/brainstorm-panel.c.fart	392
tsz/carts/claude-sweatshop/brainstorm.fart	164
tsz/carts/claude-sweatshop/breadcrumb.c.fart	57
tsz/carts/claude-sweatshop/build-result-card.c.fart	143
tsz/carts/claude-sweatshop/build-stage-pipeline.c.fart	92
tsz/carts/claude-sweatshop/build-status-indicator.c.fart	76
tsz/carts/claude-sweatshop/bundle-chip.c.fart	113
tsz/carts/claude-sweatshop/bundle-list.c.fart	162
tsz/carts/claude-sweatshop/canvas-container.c.fart	160
tsz/carts/claude-sweatshop/cascade-menu.c.fart	163
tsz/carts/claude-sweatshop/classifier-verdict.c.fart	97
tsz/carts/claude-sweatshop/cockpit.fart	580
tsz/carts/claude-sweatshop/collapsible-section.c.fart	68
tsz/carts/claude-sweatshop/color-scale-legend.c.fart	59
tsz/carts/claude-sweatshop/color-swatch.c.fart	169
tsz/carts/claude-sweatshop/command-bar.c.fart	208
tsz/carts/claude-sweatshop/command-palette.c.fart	136
tsz/carts/claude-sweatshop/commit-timeline.c.fart	95
tsz/carts/claude-sweatshop/confirm-dialog.c.fart	99
tsz/carts/claude-sweatshop/connection-indicator.c.fart	79
tsz/carts/claude-sweatshop/context-bar.c.fart	237
tsz/carts/claude-sweatshop/cooccurrence-edge.c.fart	88
tsz/carts/claude-sweatshop/cooccurrence-node.c.fart	182
tsz/carts/claude-sweatshop/cost-breakdown.c.fart	114
tsz/carts/claude-sweatshop/countdown-timer.c.fart	66
tsz/carts/claude-sweatshop/data-row.c.fart	104
tsz/carts/claude-sweatshop/data-table.c.fart	123
tsz/carts/claude-sweatshop/diff-hunk.c.fart	126
tsz/carts/claude-sweatshop/docs/ARCHITECTURE.md.fart	114
tsz/carts/claude-sweatshop/docs/BUILD_GUIDE.md.fart	113
tsz/carts/claude-sweatshop/docs/CLASSIFIER_GUIDE.md.fart	115
tsz/carts/claude-sweatshop/docs/MODULE_GUIDE.md.fart	108
tsz/carts/claude-sweatshop/docs/THEME_GUIDE.md.fart	101
tsz/carts/claude-sweatshop/docs/WORKER_GUIDE.md.fart	106
tsz/carts/claude-sweatshop/drag-handle.c.fart	94
tsz/carts/claude-sweatshop/drift-indicator.c.fart	134
tsz/carts/claude-sweatshop/drift-timeline.c.fart	123
tsz/carts/claude-sweatshop/echo-cell.c.fart	104
tsz/carts/claude-sweatshop/empty-state.c.fart	37
tsz/carts/claude-sweatshop/enforce-panel.c.fart	331
tsz/carts/claude-sweatshop/error-banner.c.fart	83
tsz/carts/claude-sweatshop/event-timeline.c.fart	222
tsz/carts/claude-sweatshop/expandable-row.c.fart	81
tsz/carts/claude-sweatshop/fade.effects.fart	28
tsz/carts/claude-sweatshop/file-claim-board.c.fart	151
tsz/carts/claude-sweatshop/filter-pills.c.fart	144
tsz/carts/claude-sweatshop/git-commit-row.c.fart	189
tsz/carts/claude-sweatshop/gitaudit.c.fart	213
tsz/carts/claude-sweatshop/glow.effects.fart	43
tsz/carts/claude-sweatshop/glyphs.fart	354
tsz/carts/claude-sweatshop/heartbeat-pulse.c.fart	145
tsz/carts/claude-sweatshop/home.fart	177
tsz/carts/claude-sweatshop/hotkey-legend.fart	274
tsz/carts/claude-sweatshop/hotkey-row.c.fart	90
tsz/carts/claude-sweatshop/incident-card.c.fart	124
tsz/carts/claude-sweatshop/inline-editor.c.fart	168
tsz/carts/claude-sweatshop/kernel-block.c.fart	243
tsz/carts/claude-sweatshop/kernel-budget-bar.c.fart	84
tsz/carts/claude-sweatshop/kernel.c.fart	147
tsz/carts/claude-sweatshop/key-chord.c.fart	52
tsz/carts/claude-sweatshop/l1-river.c.fart	202
tsz/carts/claude-sweatshop/l2-feeling.c.fart	175
tsz/carts/claude-sweatshop/l3-echo.c.fart	258
tsz/carts/claude-sweatshop/l4-wound.c.fart	204
tsz/carts/claude-sweatshop/l5-cooccurrence.c.fart	341
tsz/carts/claude-sweatshop/law-detail.c.fart	140
tsz/carts/claude-sweatshop/law-flag-row.c.fart	105
tsz/carts/claude-sweatshop/law-ticker.c.fart	102
tsz/carts/claude-sweatshop/layout-picker.c.fart	213
tsz/carts/claude-sweatshop/lib/accessibility_announcer.mod.fart	141
tsz/carts/claude-sweatshop/lib/accessibility_theme.mod.fart	100
tsz/carts/claude-sweatshop/lib/action_history.mod.fart	104
tsz/carts/claude-sweatshop/lib/agent_color.mod.fart	106
tsz/carts/claude-sweatshop/lib/agent_definition.mod.fart	177
tsz/carts/claude-sweatshop/lib/agent_display.mod.fart	184
tsz/carts/claude-sweatshop/lib/agent_memory.mod.fart	161
tsz/carts/claude-sweatshop/lib/agent_memory_snapshot.mod.fart	142
tsz/carts/claude-sweatshop/lib/announcement_queue.mod.fart	96
tsz/carts/claude-sweatshop/lib/audit_log.mod.fart	132
tsz/carts/claude-sweatshop/lib/auto_layout.mod copy.fart	144
tsz/carts/claude-sweatshop/lib/auto_layout.mod.fart	121
tsz/carts/claude-sweatshop/lib/auto_save.mod.fart	125
tsz/carts/claude-sweatshop/lib/auto_triage.mod.fart	114
tsz/carts/claude-sweatshop/lib/autotest_reader.mod.fart	210
tsz/carts/claude-sweatshop/lib/bash_tool.mod.fart	179
tsz/carts/claude-sweatshop/lib/bash_tool_command_semantics.mod.fart	170
tsz/carts/claude-sweatshop/lib/bash_tool_comment_label.mod.fart	57
tsz/carts/claude-sweatshop/lib/bash_tool_destructive_warning.mod.fart	131
tsz/carts/claude-sweatshop/lib/bash_tool_mode_validation.mod.fart	143
tsz/carts/claude-sweatshop/lib/bash_tool_security_validators.mod.fart	359
tsz/carts/claude-sweatshop/lib/bash_tool_sed_parser.mod.fart	200
tsz/carts/claude-sweatshop/lib/bash_tool_tool_name.mod.fart	83
tsz/carts/claude-sweatshop/lib/batch_dispatcher.mod.fart	120
tsz/carts/claude-sweatshop/lib/boot_sequence.mod.fart	155
tsz/carts/claude-sweatshop/lib/brainstorm-mode.mod.fart	165
tsz/carts/claude-sweatshop/lib/browser.mod.fart	230
tsz/carts/claude-sweatshop/lib/browser_content.mod.fart	176
tsz/carts/claude-sweatshop/lib/browser_stealth.mod.fart	260
tsz/carts/claude-sweatshop/lib/build_artifact_tracker.mod.fart	88
tsz/carts/claude-sweatshop/lib/build_cache.mod.fart	142
tsz/carts/claude-sweatshop/lib/build_history.mod.fart	116
tsz/carts/claude-sweatshop/lib/build_notifier.mod.fart	49
tsz/carts/claude-sweatshop/lib/build_queue.mod.fart	114
tsz/carts/claude-sweatshop/lib/build_status_tracker.mod.fart	124
tsz/carts/claude-sweatshop/lib/built_in_agents.mod.fart	279
tsz/carts/claude-sweatshop/lib/builtin_explore.mod.fart	108
tsz/carts/claude-sweatshop/lib/builtin_general_purpose.mod.fart	76
tsz/carts/claude-sweatshop/lib/builtin_guide.mod.fart	135
tsz/carts/claude-sweatshop/lib/builtin_plan.mod.fart	74
tsz/carts/claude-sweatshop/lib/builtin_statusline.mod.fart	85
tsz/carts/claude-sweatshop/lib/builtin_verification.mod.fart	118
tsz/carts/claude-sweatshop/lib/bundle_expiry.mod.fart	95
tsz/carts/claude-sweatshop/lib/bundle_freezer.mod.fart	89
tsz/carts/claude-sweatshop/lib/bundle_merge.mod.fart	126
tsz/carts/claude-sweatshop/lib/bundle_pin_manager.mod.fart	90
tsz/carts/claude-sweatshop/lib/bundle_retrieval.mod.fart	98
tsz/carts/claude-sweatshop/lib/bundle_similarity.mod.fart	81
tsz/carts/claude-sweatshop/lib/bundle_store.mod.fart	182
tsz/carts/claude-sweatshop/lib/bundle_tag_index.mod.fart	122
tsz/carts/claude-sweatshop/lib/cache_invalidator.mod.fart	123
tsz/carts/claude-sweatshop/lib/canvas_animation.mod.fart	168
tsz/carts/claude-sweatshop/lib/canvas_bookmark.mod.fart	76
tsz/carts/claude-sweatshop/lib/canvas_export.mod.fart	112
tsz/carts/claude-sweatshop/lib/canvas_fit_to_view.mod.fart	141
tsz/carts/claude-sweatshop/lib/canvas_grid_renderer.mod.fart	131
tsz/carts/claude-sweatshop/lib/canvas_hit_test.mod.fart	145
tsz/carts/claude-sweatshop/lib/canvas_minimap.mod.fart	148
tsz/carts/claude-sweatshop/lib/canvas_ruler.mod.fart	122
tsz/carts/claude-sweatshop/lib/canvas_selection_rect.mod.fart	145
tsz/carts/claude-sweatshop/lib/claim-verifier.mod.fart	241
tsz/carts/claude-sweatshop/lib/classifier-pipeline.mod.fart	203
tsz/carts/claude-sweatshop/lib/classifier_ab_test.mod.fart	118
tsz/carts/claude-sweatshop/lib/classifier_cache.mod.fart	103
tsz/carts/claude-sweatshop/lib/classifier_confidence.mod.fart	91
tsz/carts/claude-sweatshop/lib/classifier_ensemble.mod.fart	115
tsz/carts/claude-sweatshop/lib/classifier_hot_swap.mod.fart	139
tsz/carts/claude-sweatshop/lib/classifier_stats.mod.fart	116
tsz/carts/claude-sweatshop/lib/classifier_weight_config.mod.fart	118
tsz/carts/claude-sweatshop/lib/claude_code_reader.mod.fart	156
tsz/carts/claude-sweatshop/lib/clipboard_history.mod.fart	76
tsz/carts/claude-sweatshop/lib/cockpit_a11y_audit.mod.fart	74
tsz/carts/claude-sweatshop/lib/cockpit_benchmark.mod.fart	125
tsz/carts/claude-sweatshop/lib/cockpit_changelog.mod.fart	86
tsz/carts/claude-sweatshop/lib/cockpit_command_parser.mod.fart	176
tsz/carts/claude-sweatshop/lib/cockpit_feature_flags.mod.fart	59
tsz/carts/claude-sweatshop/lib/cockpit_health_check.mod.fart	179
tsz/carts/claude-sweatshop/lib/cockpit_init_validator.mod.fart	128
tsz/carts/claude-sweatshop/lib/cockpit_metrics_exporter.mod.fart	134
tsz/carts/claude-sweatshop/lib/cockpit_migration.mod.fart	201
tsz/carts/claude-sweatshop/lib/cockpit_orchestrator.mod.fart	216
tsz/carts/claude-sweatshop/lib/cockpit_shortcut_presets.mod.fart	147
tsz/carts/claude-sweatshop/lib/cockpit_state_serializer.mod.fart	97
tsz/carts/claude-sweatshop/lib/cockpit_tutorial.mod.fart	125
tsz/carts/claude-sweatshop/lib/cockpit_usage_stats.mod.fart	111
tsz/carts/claude-sweatshop/lib/codex_reader.mod.fart	118
tsz/carts/claude-sweatshop/lib/commit_analyzer.mod.fart	96
tsz/carts/claude-sweatshop/lib/config_store.mod.fart	96
tsz/carts/claude-sweatshop/lib/conformance_runner.mod.fart	227
tsz/carts/claude-sweatshop/lib/constants.mod.fart	41
tsz/carts/claude-sweatshop/lib/context-budget.mod.fart	212
tsz/carts/claude-sweatshop/lib/contextual_bundle_injector.mod.fart	222
tsz/carts/claude-sweatshop/lib/contextual_help.mod.fart	115
tsz/carts/claude-sweatshop/lib/cooccurrence_graph_data.mod.fart	171
tsz/carts/claude-sweatshop/lib/cooccurrence_tracker.mod.fart	133
tsz/carts/claude-sweatshop/lib/crash_reporter.mod.fart	126
tsz/carts/claude-sweatshop/lib/crystallize-flow.mod.fart	400
tsz/carts/claude-sweatshop/lib/dashboard_data_adapter.mod.fart	129
tsz/carts/claude-sweatshop/lib/data_export.mod.fart	130
tsz/carts/claude-sweatshop/lib/data_integrity_checker.mod.fart	154
tsz/carts/claude-sweatshop/lib/db_query.mod.fart	246
tsz/carts/claude-sweatshop/lib/db_reader.mod.fart	243
tsz/carts/claude-sweatshop/lib/db_schema.mod.fart	252
tsz/carts/claude-sweatshop/lib/db_write.mod.fart	277
tsz/carts/claude-sweatshop/lib/debug_panel_data.mod.fart	79
tsz/carts/claude-sweatshop/lib/deployment_checker.mod.fart	95
tsz/carts/claude-sweatshop/lib/drift_detector.mod.fart	208
tsz/carts/claude-sweatshop/lib/drift_scorer.mod.fart	93
tsz/carts/claude-sweatshop/lib/echo_grid_data.mod.fart	162
tsz/carts/claude-sweatshop/lib/echo_indexer.mod.fart	114
tsz/carts/claude-sweatshop/lib/enforce-mode.mod.fart	179
tsz/carts/claude-sweatshop/lib/error_boundary.mod.fart	160
tsz/carts/claude-sweatshop/lib/error_catalog.mod.fart	93
tsz/carts/claude-sweatshop/lib/event-subscriber.mod.fart	156
tsz/carts/claude-sweatshop/lib/event_archiver.mod.fart	72
tsz/carts/claude-sweatshop/lib/event_buffer.mod.fart	112
tsz/carts/claude-sweatshop/lib/event_bus.mod.fart	199
tsz/carts/claude-sweatshop/lib/event_correlation.mod.fart	96
tsz/carts/claude-sweatshop/lib/event_dedup_window.mod.fart	109
tsz/carts/claude-sweatshop/lib/event_deduplicator.mod.fart	112
tsz/carts/claude-sweatshop/lib/event_digest.mod.fart	98
tsz/carts/claude-sweatshop/lib/event_enricher.mod.fart	66
tsz/carts/claude-sweatshop/lib/event_filter.mod.fart	111
tsz/carts/claude-sweatshop/lib/event_pattern_detector.mod.fart	225
tsz/carts/claude-sweatshop/lib/event_replay_recorder.mod.fart	122
tsz/carts/claude-sweatshop/lib/event_source_map.mod.fart	114
tsz/carts/claude-sweatshop/lib/event_throttle_config.mod.fart	84
tsz/carts/claude-sweatshop/lib/fake_greens_detector.mod.fart	257
tsz/carts/claude-sweatshop/lib/final_assembly.mod.fart	99
tsz/carts/claude-sweatshop/lib/focus_ring.mod.fart	137
tsz/carts/claude-sweatshop/lib/gesture_detector.mod.fart	192
tsz/carts/claude-sweatshop/lib/git_diff_reader.mod.fart	263
tsz/carts/claude-sweatshop/lib/git_reader.mod.fart	308
tsz/carts/claude-sweatshop/lib/graph_layout.mod.fart	235
tsz/carts/claude-sweatshop/lib/heatmap_data.mod.fart	144
tsz/carts/claude-sweatshop/lib/hook_executor.mod.fart	165
tsz/carts/claude-sweatshop/lib/hook_guard_build.mod.fart	155
tsz/carts/claude-sweatshop/lib/hotkey_conflict_detector.mod.fart	132
tsz/carts/claude-sweatshop/lib/hotkey_registry.mod.fart	351
tsz/carts/claude-sweatshop/lib/ifttt_rules.mod.fart	337
tsz/carts/claude-sweatshop/lib/import_legacy_session.mod.fart	120
tsz/carts/claude-sweatshop/lib/incident_recorder.mod.fart	85
tsz/carts/claude-sweatshop/lib/keyboard_macro.mod.fart	147
tsz/carts/claude-sweatshop/lib/keyboard_state.mod.fart	134
tsz/carts/claude-sweatshop/lib/kimi_reader.mod.fart	162
tsz/carts/claude-sweatshop/lib/layout_manager.mod.fart	364
tsz/carts/claude-sweatshop/lib/layout_snapshot.mod.fart	111
tsz/carts/claude-sweatshop/lib/lazy_loader.mod.fart	128
tsz/carts/claude-sweatshop/lib/llama_integration.mod.fart	382
tsz/carts/claude-sweatshop/lib/memory-consolidator.mod.fart	150
tsz/carts/claude-sweatshop/lib/memory_query.mod.fart	321
tsz/carts/claude-sweatshop/lib/memory_visualization_config.mod.fart	89
tsz/carts/claude-sweatshop/lib/mode_hotkey_map.mod.fart	96
tsz/carts/claude-sweatshop/lib/mode_state_machine.mod.fart	131
tsz/carts/claude-sweatshop/lib/multi_select_actions.mod.fart	126
tsz/carts/claude-sweatshop/lib/notification_manager.mod.fart	212
tsz/carts/claude-sweatshop/lib/notification_priority.mod.fart	99
tsz/carts/claude-sweatshop/lib/notification_rules.mod.fart	165
tsz/carts/claude-sweatshop/lib/notification_sound.mod.fart	89
tsz/carts/claude-sweatshop/lib/page_router.mod.fart	105
tsz/carts/claude-sweatshop/lib/pathology_registry.mod.fart	210
tsz/carts/claude-sweatshop/lib/perf_monitor.mod.fart	92
tsz/carts/claude-sweatshop/lib/performance_budget.mod.fart	137
tsz/carts/claude-sweatshop/lib/permission_resolver.mod.fart	120
tsz/carts/claude-sweatshop/lib/plugin_loader.mod.fart	128
tsz/carts/claude-sweatshop/lib/preset_library.mod.fart	163
tsz/carts/claude-sweatshop/lib/pty_session.mod.fart	189
tsz/carts/claude-sweatshop/lib/pty_wrapper.mod.fart	218
tsz/carts/claude-sweatshop/lib/queue_prioritizer.mod.fart	77
tsz/carts/claude-sweatshop/lib/rate_limiter.mod.fart	91
tsz/carts/claude-sweatshop/lib/rationalization_detector.mod.fart	277
tsz/carts/claude-sweatshop/lib/reader_common.mod.fart	134
tsz/carts/claude-sweatshop/lib/realtime_clock.mod.fart	77
tsz/carts/claude-sweatshop/lib/river_ingester.mod.fart	95
tsz/carts/claude-sweatshop/lib/river_visualization_data.mod.fart	129
tsz/carts/claude-sweatshop/lib/rule_engine.mod.fart	221
tsz/carts/claude-sweatshop/lib/screenshot_capture.mod.fart	99
tsz/carts/claude-sweatshop/lib/search_result_ranker.mod.fart	151
tsz/carts/claude-sweatshop/lib/selection_manager.mod.fart	173
tsz/carts/claude-sweatshop/lib/session_analytics.mod.fart	105
tsz/carts/claude-sweatshop/lib/session_checkpoint.mod.fart	121
tsz/carts/claude-sweatshop/lib/session_export.mod.fart	114
tsz/carts/claude-sweatshop/lib/session_restore.mod.fart	116
tsz/carts/claude-sweatshop/lib/session_summary.mod.fart	109
tsz/carts/claude-sweatshop/lib/session_timer.mod.fart	169
tsz/carts/claude-sweatshop/lib/snap_grid.mod.fart	81
tsz/carts/claude-sweatshop/lib/sound_cue_registry.mod.fart	136
tsz/carts/claude-sweatshop/lib/spec_acceptance_checker.mod.fart	207
tsz/carts/claude-sweatshop/lib/spec_constraint_checker.mod.fart	118
tsz/carts/claude-sweatshop/lib/spec_coverage_reporter.mod.fart	120
tsz/carts/claude-sweatshop/lib/spec_coverage_tracker.mod.fart	129
tsz/carts/claude-sweatshop/lib/spec_crystallize.mod.fart	259
tsz/carts/claude-sweatshop/lib/spec_decompose.mod.fart	171
tsz/carts/claude-sweatshop/lib/spec_diff_highlight.mod.fart	139
tsz/carts/claude-sweatshop/lib/spec_diff_notifier.mod.fart	140
tsz/carts/claude-sweatshop/lib/spec_differ.mod.fart	142
tsz/carts/claude-sweatshop/lib/spec_file_map_resolver.mod.fart	101
tsz/carts/claude-sweatshop/lib/spec_merge.mod.fart	95
tsz/carts/claude-sweatshop/lib/spec_template.mod.fart	83
tsz/carts/claude-sweatshop/lib/spec_template_library.mod.fart	53
tsz/carts/claude-sweatshop/lib/spec_timeline.mod.fart	130
tsz/carts/claude-sweatshop/lib/spec_validator.mod.fart	108
tsz/carts/claude-sweatshop/lib/state_snapshot.mod.fart	51
tsz/carts/claude-sweatshop/lib/swarm.mod.fart	165
tsz/carts/claude-sweatshop/lib/swarm_backend_types.mod.fart	122
tsz/carts/claude-sweatshop/lib/swarm_constants.mod.fart	45
tsz/carts/claude-sweatshop/lib/swarm_spawn_utils.mod.fart	178
tsz/carts/claude-sweatshop/lib/swarm_team_helpers.mod.fart	128
tsz/carts/claude-sweatshop/lib/task_decomposer.mod.fart	146
tsz/carts/claude-sweatshop/lib/telemetry_alert.mod.fart	101
tsz/carts/claude-sweatshop/lib/telemetry_collector.mod.fart	90
tsz/carts/claude-sweatshop/lib/telemetry_dashboard_data.mod.fart	144
tsz/carts/claude-sweatshop/lib/test_harness.mod.fart	133
tsz/carts/claude-sweatshop/lib/theme_animator.mod.fart	110
tsz/carts/claude-sweatshop/lib/theme_migration.mod.fart	83
tsz/carts/claude-sweatshop/lib/theme_preview.mod.fart	89
tsz/carts/claude-sweatshop/lib/threat_calculator.mod.fart	103
tsz/carts/claude-sweatshop/lib/tier_escalation_handler.mod.fart	131
tsz/carts/claude-sweatshop/lib/tier_override.mod.fart	113
tsz/carts/claude-sweatshop/lib/tier_pipeline.mod.fart	247
tsz/carts/claude-sweatshop/lib/tile_group.mod.fart	108
tsz/carts/claude-sweatshop/lib/tile_resize.mod.fart	159
tsz/carts/claude-sweatshop/lib/tile_responsive.mod.fart	126
tsz/carts/claude-sweatshop/lib/tile_template.mod.fart	93
tsz/carts/claude-sweatshop/lib/tile_visibility.mod.fart	125
tsz/carts/claude-sweatshop/lib/tile_z_order.mod.fart	97
tsz/carts/claude-sweatshop/lib/toast_queue.mod.fart	233
tsz/carts/claude-sweatshop/lib/tokenizer_stats.mod.fart	146
tsz/carts/claude-sweatshop/lib/tool_risk_detector.mod.fart	228
tsz/carts/claude-sweatshop/lib/turn_analyzer.mod.fart	96
tsz/carts/claude-sweatshop/lib/undo_manager.mod.fart	109
tsz/carts/claude-sweatshop/lib/upgrade_migrator.mod.fart	151
tsz/carts/claude-sweatshop/lib/vterm_parser.mod.fart	197
tsz/carts/claude-sweatshop/lib/vterm_wrapper.mod.fart	270
tsz/carts/claude-sweatshop/lib/witness_comparator.mod.fart	102
tsz/carts/claude-sweatshop/lib/worker_achievement.mod.fart	74
tsz/carts/claude-sweatshop/lib/worker_affinity.mod.fart	92
tsz/carts/claude-sweatshop/lib/worker_audit_trail.mod.fart	110
tsz/carts/claude-sweatshop/lib/worker_backend_adapter.mod.fart	252
tsz/carts/claude-sweatshop/lib/worker_batch_action.mod.fart	78
tsz/carts/claude-sweatshop/lib/worker_color_assigner.mod.fart	91
tsz/carts/claude-sweatshop/lib/worker_comparison_data.mod.fart	118
tsz/carts/claude-sweatshop/lib/worker_context_injector.mod.fart	77
tsz/carts/claude-sweatshop/lib/worker_context_tracker.mod.fart	99
tsz/carts/claude-sweatshop/lib/worker_context_window.mod.fart	108
tsz/carts/claude-sweatshop/lib/worker_cost_estimator.mod.fart	89
tsz/carts/claude-sweatshop/lib/worker_cost_limiter.mod.fart	140
tsz/carts/claude-sweatshop/lib/worker_diagnostic.mod.fart	128
tsz/carts/claude-sweatshop/lib/worker_diff_tracker.mod.fart	107
tsz/carts/claude-sweatshop/lib/worker_efficiency.mod.fart	91
tsz/carts/claude-sweatshop/lib/worker_file_history.mod.fart	114
tsz/carts/claude-sweatshop/lib/worker_grouping.mod.fart	154
tsz/carts/claude-sweatshop/lib/worker_handoff.mod.fart	78
tsz/carts/claude-sweatshop/lib/worker_heartbeat.mod.fart	134
tsz/carts/claude-sweatshop/lib/worker_idle_detector.mod.fart	103
tsz/carts/claude-sweatshop/lib/worker_instruction_template.mod.fart	80
tsz/carts/claude-sweatshop/lib/worker_lifecycle.mod.fart	353
tsz/carts/claude-sweatshop/lib/worker_load_balancer.mod.fart	136
tsz/carts/claude-sweatshop/lib/worker_message_history.mod.fart	147
tsz/carts/claude-sweatshop/lib/worker_metric_aggregator.mod.fart	124
tsz/carts/claude-sweatshop/lib/worker_notes.mod.fart	113
tsz/carts/claude-sweatshop/lib/worker_output_buffer.mod.fart	66
tsz/carts/claude-sweatshop/lib/worker_output_highlighter.mod.fart	145
tsz/carts/claude-sweatshop/lib/worker_output_search.mod.fart	92
tsz/carts/claude-sweatshop/lib/worker_pair_tracker.mod.fart	126
tsz/carts/claude-sweatshop/lib/worker_pause_resume.mod.fart	97
tsz/carts/claude-sweatshop/lib/worker_quota.mod.fart	116
tsz/carts/claude-sweatshop/lib/worker_reconnector.mod.fart	138
tsz/carts/claude-sweatshop/lib/worker_rotation.mod.fart	122
tsz/carts/claude-sweatshop/lib/worker_session_reconstructor.mod.fart	112
tsz/carts/claude-sweatshop/lib/worker_signal_quality.mod.fart	117
tsz/carts/claude-sweatshop/lib/worker_spawn_executor.mod.fart	191
tsz/carts/claude-sweatshop/lib/worker_streak_tracker.mod.fart	125
tsz/carts/claude-sweatshop/lib/worker_stuck_resolver.mod.fart	121
tsz/carts/claude-sweatshop/lib/worker_summary_card_data.mod.fart	116
tsz/carts/claude-sweatshop/lib/worker_tag_system.mod.fart	128
tsz/carts/claude-sweatshop/lib/worker_transcript.mod.fart	111
tsz/carts/claude-sweatshop/lib/worker_turn_log.mod.fart	89
tsz/carts/claude-sweatshop/lib/workspace_lock.mod.fart	117
tsz/carts/claude-sweatshop/lib/wound_timeline_data.mod.fart	192
tsz/carts/claude-sweatshop/lib/wound_writer.mod.fart	120
tsz/carts/claude-sweatshop/loading-spinner.c.fart	90
tsz/carts/claude-sweatshop/log-line.c.fart	99
tsz/carts/claude-sweatshop/log-viewer.c.fart	151
tsz/carts/claude-sweatshop/memory-browser.fart	718
tsz/carts/claude-sweatshop/memory-layer-card.c.fart	371
tsz/carts/claude-sweatshop/memory-layer-detail.c.fart	372
tsz/carts/claude-sweatshop/memory-layer-tabs.c.fart	69
tsz/carts/claude-sweatshop/memory-stats-card.c.fart	87
tsz/carts/claude-sweatshop/memory-tile.c.fart	345
tsz/carts/claude-sweatshop/metric-card.c.fart	77
tsz/carts/claude-sweatshop/mini-chart.c.fart	48
tsz/carts/claude-sweatshop/mini-dashboard.c.fart	131
tsz/carts/claude-sweatshop/mode-indicator.c.fart	61
tsz/carts/claude-sweatshop/mode-switch.c.fart	112
tsz/carts/claude-sweatshop/notification-badge.c.fart	40
tsz/carts/claude-sweatshop/notification-center.c.fart	190
tsz/carts/claude-sweatshop/notification-toast.c.fart	149
tsz/carts/claude-sweatshop/pagination.c.fart	149
tsz/carts/claude-sweatshop/pathology-detail-modal.c.fart	214
tsz/carts/claude-sweatshop/progress-bar.c.fart	204
tsz/carts/claude-sweatshop/pulse.effects.fart	32
tsz/carts/claude-sweatshop/queue-item-row.c.fart	205
tsz/carts/claude-sweatshop/queue.c.fart	177
tsz/carts/claude-sweatshop/quota-meter.c.fart	208
tsz/carts/claude-sweatshop/resize-corner.c.fart	101
tsz/carts/claude-sweatshop/resonance-bar.c.fart	94
tsz/carts/claude-sweatshop/restoration-timeline.c.fart	163
tsz/carts/claude-sweatshop/restore-point-row.c.fart	97
tsz/carts/claude-sweatshop/river-event.c.fart	173
tsz/carts/claude-sweatshop/screenshot-thumbnail.c.fart	144
tsz/carts/claude-sweatshop/screenshot_wall.c.fart	149
tsz/carts/claude-sweatshop/search-input.c.fart	66
tsz/carts/claude-sweatshop/section-header.c.fart	78
tsz/carts/claude-sweatshop/session-clock.c.fart	116
tsz/carts/claude-sweatshop/session-summary-card.c.fart	120
tsz/carts/claude-sweatshop/session-timer-display.c.fart	49
tsz/carts/claude-sweatshop/settings.fart	280
tsz/carts/claude-sweatshop/shake.effects.fart	30
tsz/carts/claude-sweatshop/spec-checklist.c.fart	105
tsz/carts/claude-sweatshop/spec-constraint-badge.c.fart	85
tsz/carts/claude-sweatshop/spec-crystallize-modal.c.fart	365
tsz/carts/claude-sweatshop/spec-diff-view.c.fart	209
tsz/carts/claude-sweatshop/spec-field-editor.c.fart	125
tsz/carts/claude-sweatshop/spec-progress-ring.c.fart	77
tsz/carts/claude-sweatshop/split-pane.c.fart	167
tsz/carts/claude-sweatshop/spring.effects.fart	31
tsz/carts/claude-sweatshop/stat-row.c.fart	86
tsz/carts/claude-sweatshop/status-dot.c.fart	218
tsz/carts/claude-sweatshop/status-timeline.c.fart	105
tsz/carts/claude-sweatshop/sweatshop.fart	22
tsz/carts/claude-sweatshop/sweatshop.tcls.fart	252
tsz/carts/claude-sweatshop/tab-bar.c.fart	61
tsz/carts/claude-sweatshop/task-board.c.fart	124
tsz/carts/claude-sweatshop/task-card.c.fart	228
tsz/carts/claude-sweatshop/tests/fixtures/affect_samples.fixture.fart	49
tsz/carts/claude-sweatshop/tests/fixtures/claude_session.fixture.fart	78
tsz/carts/claude-sweatshop/tests/fixtures/drift_samples.fixture.fart	57
tsz/carts/claude-sweatshop/tests/fixtures/fake_green_samples.fixture.fart	49
tsz/carts/claude-sweatshop/tests/fixtures/rationalization_samples.fixture.fart	49
tsz/carts/claude-sweatshop/tests/fixtures/tier_classification_samples.fixture.fart	78
tsz/carts/claude-sweatshop/tests/integration/cockpit_boot.test.fart	95
tsz/carts/claude-sweatshop/tests/ladder/counter_stub/CounterStub.fart	70
tsz/carts/claude-sweatshop/tests/ladder/rationalization_classifier/RationalizationClassifier.fart	131
tsz/carts/claude-sweatshop/tests/ladder/static_badge/StaticBadge.fart	37
tsz/carts/claude-sweatshop/tests/ladder/supervisor_reducer/SupervisorReducer.fart	97
tsz/carts/claude-sweatshop/tests/ladder/tells_table/TellsTable.fart	89
tsz/carts/claude-sweatshop/tests/ladder/worker_tile_stub/WorkerTileStub.fart	81
tsz/carts/claude-sweatshop/tests/unit/bundle_retrieval.test.fart	114
tsz/carts/claude-sweatshop/tests/unit/bundle_store.test.fart	145
tsz/carts/claude-sweatshop/tests/unit/claim_verifier.test.fart	89
tsz/carts/claude-sweatshop/tests/unit/context_budget.test.fart	146
tsz/carts/claude-sweatshop/tests/unit/drift_detector.test.fart	138
tsz/carts/claude-sweatshop/tests/unit/drift_scorer.test.fart	117
tsz/carts/claude-sweatshop/tests/unit/event_bus.test.fart	104
tsz/carts/claude-sweatshop/tests/unit/fake_greens_detector.test.fart	118
tsz/carts/claude-sweatshop/tests/unit/mode_state_machine.test.fart	101
tsz/carts/claude-sweatshop/tests/unit/queue_prioritizer.test.fart	99
tsz/carts/claude-sweatshop/tests/unit/rationalization_detector.test.fart	134
tsz/carts/claude-sweatshop/tests/unit/spec_crystallize.test.fart	95
tsz/carts/claude-sweatshop/tests/unit/spec_validator.test.fart	109
tsz/carts/claude-sweatshop/tests/unit/threat_calculator.test.fart	80
tsz/carts/claude-sweatshop/tests/unit/tier_pipeline.test.fart	181
tsz/carts/claude-sweatshop/tests/unit/worker_heartbeat.test.fart	79
tsz/carts/claude-sweatshop/tests/unit/worker_heartbeat_2.test.fart	95
tsz/carts/claude-sweatshop/theme-picker.c.fart	244
tsz/carts/claude-sweatshop/threat-counter.c.fart	158
tsz/carts/claude-sweatshop/tier-badge.c.fart	120
tsz/carts/claude-sweatshop/tier-distribution.c.fart	111
tsz/carts/claude-sweatshop/tile-frame.c.fart	148
tsz/carts/claude-sweatshop/tile-header-bar.c.fart	106
tsz/carts/claude-sweatshop/time-ago.c.fart	56
tsz/carts/claude-sweatshop/timeline-marker.c.fart	69
tsz/carts/claude-sweatshop/tooltip.c.fart	29
tsz/carts/claude-sweatshop/top-header.c.fart	203
tsz/carts/claude-sweatshop/transcript-viewer.c.fart	178
tsz/carts/claude-sweatshop/tree-view.c.fart	199
tsz/carts/claude-sweatshop/velocity-chart.c.fart	104
tsz/carts/claude-sweatshop/worker-action-log.c.fart	105
tsz/carts/claude-sweatshop/worker-affect-timeline.c.fart	190
tsz/carts/claude-sweatshop/worker-autotest-sub.c.fart	174
tsz/carts/claude-sweatshop/worker-backend-icon.c.fart	85
tsz/carts/claude-sweatshop/worker-badge.c.fart	115
tsz/carts/claude-sweatshop/worker-comparison.c.fart	148
tsz/carts/claude-sweatshop/worker-cost-badge.c.fart	96
tsz/carts/claude-sweatshop/worker-detail-modal.c.fart	350
tsz/carts/claude-sweatshop/worker-grid.c.fart	227
tsz/carts/claude-sweatshop/worker-health-badge.c.fart	106
tsz/carts/claude-sweatshop/worker-mini-card.c.fart	109
tsz/carts/claude-sweatshop/worker-recent-edits.c.fart	97
tsz/carts/claude-sweatshop/worker-spawn-form.c.fart	248
tsz/carts/claude-sweatshop/worker-spawn-modal.c.fart	256
tsz/carts/claude-sweatshop/worker-strip.c.fart	59
tsz/carts/claude-sweatshop/worker-tab-view.c.fart	188
tsz/carts/claude-sweatshop/worker-terminal.c.fart	165
tsz/carts/claude-sweatshop/worker-timeline.c.fart	147
tsz/carts/claude-sweatshop/worker-tool-calls.c.fart	75
tsz/carts/claude-sweatshop/worker.c.fart	447
tsz/carts/claude-sweatshop/wound-marker.c.fart	128
tsz/carts/claude-sweatshop/zoom-slider.c.fart	198
tsz/cli/mixed/ICantCallPreExistingOnThisOne.cli.fart	211
tsz/cli/mixed/autotest-grid.cli.fart	341
tsz/cli/mixed/autotest.cli.fart	76
tsz/cli/mixed/bless.cli.fart	308
tsz/cli/mixed/build-all-conformance.cli.fart	166
tsz/cli/mixed/build-cart.cli.fart	290
tsz/cli/mixed/build-refactor.cli.fart	335
tsz/cli/mixed/build.cli.fart	178
tsz/cli/mixed/buildFromMyShittyNewCode.cli.fart	234
tsz/cli/mixed/check-file-length.cli.fart	148
tsz/cli/mixed/conformance-build.cli.fart	59
tsz/cli/mixed/conformance-test.cli.fart	201
tsz/cli/mixed/conformance-verify.cli.fart	349
tsz/cli/mixed/contract.cli.fart	79
tsz/cli/mixed/flight.cli.fart	62
tsz/cli/mixed/gen-icons.cli.fart	206
tsz/cli/mixed/ledger-watch.cli.fart	415
tsz/cli/mixed/ledger.cli.fart	67
tsz/cli/mixed/link.cli.fart	269
tsz/cli/mixed/lint.cli.fart	55
tsz/cli/mixed/log.cli.fart	83
tsz/cli/mixed/parity-check.cli.fart	173
tsz/cli/mixed/ref-build.cli.fart	83
tsz/cli/mixed/regression-hook.cli.fart	247
tsz/cli/mixed/regression.cli.fart	280
tsz/cli/mixed/report.cli.fart	755
tsz/cli/mixed/run-all.cli.fart	99
tsz/cli/mixed/run.cli.fart	80
tsz/cli/mixed/storybook-layout.cli.fart	224
tsz/cli/mixed/sync-mod.cli.fart	317
tsz/cli/mixed/test-debug-ipc.cli.fart	217
tsz/cli/mixed/tsz.cli.fart	41
tsz/cli/mixed/validate-canvas-layout.cli.fart	291
tsz/cli/mixed/verify-contract.cli.fart	172
tsz/cli/mixed/watchdog.cli.fart	55
tsz/cli/mixed/witness-record-all.cli.fart	96
tsz/cli/mixed/witness.cli.fart	92
tsz/compiler/smith/intent/a001_compile_banner.mod.fart	57
tsz/compiler/smith/intent/a002_core_imports.mod.fart	89
tsz/compiler/smith/intent/a003_runtime_imports.mod.fart	100
tsz/compiler/smith/intent/a004_state_manifest.mod.fart	102
tsz/compiler/smith/intent/a005_init_state_slots.mod.fart	96
tsz/compiler/smith/intent/a006_static_node_arrays.mod.fart	91
tsz/compiler/smith/intent/a007_root_node_init.mod.fart	66
tsz/compiler/smith/intent/a008_dynamic_text_buffers.mod.fart	126
tsz/compiler/smith/intent/a009_non_map_handlers.mod.fart	98
tsz/compiler/smith/intent/a010_cpu_effect_renderers.mod.fart	92
tsz/compiler/smith/intent/a011_wgsl_effect_shaders.mod.fart	85
tsz/compiler/smith/intent/a012_qjs_bridge.mod.fart	98
tsz/compiler/smith/intent/a013_oa_string_helpers.mod.fart	92
tsz/compiler/smith/intent/a014_oa_const_storage.mod.fart	77
tsz/compiler/smith/intent/a015_oa_dynamic_storage.mod.fart	190
tsz/compiler/smith/intent/a016_oa_flat_unpack.mod.fart	248
tsz/compiler/smith/intent/a017_oa_nested_unpack.mod.fart	130
tsz/compiler/smith/intent/a018_variant_host_setter.mod.fart	91
tsz/compiler/smith/intent/a019_map_metadata.mod.fart	137
tsz/compiler/smith/intent/a020_flat_map_pool_decls.mod.fart	121
tsz/compiler/smith/intent/a021_nested_map_pool_decls.mod.fart	153
tsz/compiler/smith/intent/a022_inline_map_pool_decls.mod.fart	130
tsz/compiler/smith/intent/a023_map_per_item_arrays.mod.fart	234
tsz/compiler/smith/intent/a024_map_dynamic_text_storage.mod.fart	114
tsz/compiler/smith/intent/a025_map_handler_ptrs.mod.fart	138
tsz/compiler/smith/intent/a026_flat_map_rebuild.mod.fart	264
tsz/compiler/smith/intent/a027_nested_map_rebuild.mod.fart	266
tsz/compiler/smith/intent/a028_inline_map_rebuild.mod.fart	327
tsz/compiler/smith/intent/a029_lua_map_wrapper_registration.mod.fart	97
tsz/compiler/smith/intent/a030_lua_map_rebuilder_functions.mod.fart	138
tsz/compiler/smith/intent/a031_lua_nested_helpers.mod.fart	84
tsz/compiler/smith/intent/a032_lua_map_master_dispatch.mod.fart	92
tsz/compiler/smith/intent/a033_js_logic_block.mod.fart	183
tsz/compiler/smith/intent/a034_lua_logic_block.mod.fart	388
tsz/compiler/smith/intent/a035_dynamic_text_updates.mod.fart	288
tsz/compiler/smith/intent/a036_conditional_updates.mod.fart	229
tsz/compiler/smith/intent/a037_variant_updates.mod.fart	255
tsz/compiler/smith/intent/a038_runtime_dirty_tick.mod.fart	109
tsz/compiler/smith/intent/a039_app_init.mod.fart	244
tsz/compiler/smith/intent/a040_app_tick.mod.fart	124
tsz/compiler/smith/intent/a041_app_exports.mod.fart	126
tsz/compiler/smith/intent/a042_app_main.mod.fart	83
tsz/compiler/smith/intent/a043_split_section_extraction.mod.fart	132
tsz/compiler/smith/intent/a044_split_namespace_prefixing.mod.fart	220
tsz/compiler/smith/intent/a045_split_module_headers.mod.fart	165
tsz/compiler/smith/intent/a046_finalize_postpass.mod.fart	52
tsz/compiler/smith/intent/a047_module_banner.mod.fart	34
tsz/compiler/smith/intent/a048_module_preamble.mod.fart	65
tsz/compiler/smith/intent/a049_module_imports.mod.fart	91
tsz/compiler/smith/intent/a050_module_ffi.mod.fart	31
tsz/compiler/smith/intent/a051_module_types.mod.fart	66
tsz/compiler/smith/intent/a052_module_consts.mod.fart	56
tsz/compiler/smith/intent/a053_module_state.mod.fart	60
tsz/compiler/smith/intent/a054_module_functions.mod.fart	61
tsz/compiler/smith/intent/a055_module_intent_timers.mod.fart	69
tsz/compiler/smith/intent/a056_module_intent_cleanup.mod.fart	71
tsz/compiler/smith/intent/app_contract.mod.fart	163
tsz/compiler/smith/intent/attrs.mod.fart	35
tsz/compiler/smith/intent/attrs_basic.mod.fart	347
tsz/compiler/smith/intent/attrs_canvas.mod.fart	232
tsz/compiler/smith/intent/attrs_dispatch.mod.fart	227
tsz/compiler/smith/intent/attrs_handlers.mod.fart	164
tsz/compiler/smith/intent/attrs_spatial.mod.fart	232
tsz/compiler/smith/intent/attrs_text_color.mod.fart	16
tsz/compiler/smith/intent/brace.mod.fart	182
tsz/compiler/smith/intent/brace_computed.mod.fart	82
tsz/compiler/smith/intent/brace_maps.mod.fart	403
tsz/compiler/smith/intent/brace_render_local.mod.fart	177
tsz/compiler/smith/intent/brace_util.mod.fart	112
tsz/compiler/smith/intent/build_node.mod.fart	124
tsz/compiler/smith/intent/chad.mod.fart	282
tsz/compiler/smith/intent/chained_expr.mod.fart	224
tsz/compiler/smith/intent/classifiers.mod.fart	541
tsz/compiler/smith/intent/cli.mod.fart	287
tsz/compiler/smith/intent/collect_classifiers.mod.fart	373
tsz/compiler/smith/intent/collect_components.mod.fart	230
tsz/compiler/smith/intent/collect_state.mod.fart	568
tsz/compiler/smith/intent/color.mod.fart	92
tsz/compiler/smith/intent/comparison.mod.fart	117
tsz/compiler/smith/intent/component_brace_values.mod.fart	360
tsz/compiler/smith/intent/component_handlers.mod.fart	88
tsz/compiler/smith/intent/component_inline.mod.fart	140
tsz/compiler/smith/intent/component_props.mod.fart	57
tsz/compiler/smith/intent/component_spread.mod.fart	49
tsz/compiler/smith/intent/components.mod.fart	204
tsz/compiler/smith/intent/compute_map_meta.mod.fart	166
tsz/compiler/smith/intent/conditional.mod.fart	409
tsz/compiler/smith/intent/conditional_blocks.mod.fart	498
tsz/compiler/smith/intent/constants.mod.fart	51
tsz/compiler/smith/intent/context.mod.fart	165
tsz/compiler/smith/intent/contract_app_contract.mod.fart	181
tsz/compiler/smith/intent/contract_build.mod.fart	230
tsz/compiler/smith/intent/contract_emit_contract.mod.fart	52
tsz/compiler/smith/intent/contract_module_contract.mod.fart	325
tsz/compiler/smith/intent/contract_node_contract.mod.fart	86
tsz/compiler/smith/intent/contract_sanitize_for_lua.mod.fart	256
tsz/compiler/smith/intent/contract_schema.mod.fart	235
tsz/compiler/smith/intent/core.mod.fart	622
tsz/compiler/smith/intent/cursor.mod.fart	134
tsz/compiler/smith/intent/debug.mod.fart	246
tsz/compiler/smith/intent/defaults.mod.fart	161
tsz/compiler/smith/intent/dyn.mod.fart	45
tsz/compiler/smith/intent/effect_transpile.mod.fart	222
tsz/compiler/smith/intent/effect_wgsl.mod.fart	308
tsz/compiler/smith/intent/element_defaults.mod.fart	124
tsz/compiler/smith/intent/elements.mod.fart	209
tsz/compiler/smith/intent/emit.mod.fart	177
tsz/compiler/smith/intent/emit_arena.mod.fart	13
tsz/compiler/smith/intent/emit_atoms_index.mod.fart	36
tsz/compiler/smith/intent/emit_atoms_logic_runtime_a033_js_logic_block.mod.fart	138
tsz/compiler/smith/intent/emit_atoms_logic_runtime_a035_dynamic_text_updates.mod.fart	165
tsz/compiler/smith/intent/emit_atoms_logic_runtime_a037_variant_updates.mod.fart	205
tsz/compiler/smith/intent/emit_atoms_maps_lua_lua_expr.mod.fart	182
tsz/compiler/smith/intent/emit_atoms_maps_lua_lua_map_node.mod.fart	153
tsz/compiler/smith/intent/emit_atoms_maps_lua_lua_map_subs.mod.fart	263
tsz/compiler/smith/intent/emit_atoms_maps_lua_lua_text_label.mod.fart	84
tsz/compiler/smith/intent/emit_atoms_maps_zig_a026_flat_map_rebuild.mod.fart	57
tsz/compiler/smith/intent/emit_atoms_module_a049_module_imports.mod.fart	48
tsz/compiler/smith/intent/emit_atoms_module_a050_module_ffi.mod.fart	48
tsz/compiler/smith/intent/emit_atoms_module_a052_module_consts.mod.fart	48
tsz/compiler/smith/intent/emit_atoms_module_index.mod.fart	39
tsz/compiler/smith/intent/emit_codegen.mod.fart	51
tsz/compiler/smith/intent/emit_constants.mod.fart	44
tsz/compiler/smith/intent/emit_contract.mod.fart	60
tsz/compiler/smith/intent/emit_display_toggle.mod.fart	46
tsz/compiler/smith/intent/emit_dyn_text.mod.fart	45
tsz/compiler/smith/intent/emit_effect_wgsl.mod.fart	386
tsz/compiler/smith/intent/emit_finalize.mod.fart	73
tsz/compiler/smith/intent/emit_handler_fmt.mod.fart	38
tsz/compiler/smith/intent/emit_handler_storage.mod.fart	40
tsz/compiler/smith/intent/emit_inner_array.mod.fart	127
tsz/compiler/smith/intent/emit_map_decl.mod.fart	26
tsz/compiler/smith/intent/emit_map_press.mod.fart	129
tsz/compiler/smith/intent/emit_oa_bridge.mod.fart	75
tsz/compiler/smith/intent/emit_ops_rebuild_map.mod.fart	75
tsz/compiler/smith/intent/emit_orphan_arrays.mod.fart	130
tsz/compiler/smith/intent/emit_per_item_arr.mod.fart	19
tsz/compiler/smith/intent/emit_pool_node.mod.fart	40
tsz/compiler/smith/intent/emit_split.mod.fart	21
tsz/compiler/smith/intent/emit_state_setters.mod.fart	66
tsz/compiler/smith/intent/emit_text_storage.mod.fart	26
tsz/compiler/smith/intent/emit_transforms.mod.fart	58
tsz/compiler/smith/intent/emit_variant_patch.mod.fart	202
tsz/compiler/smith/intent/emit_zig_node_to_lua.mod.fart	74
tsz/compiler/smith/intent/eval_builder.mod.fart	113
tsz/compiler/smith/intent/expr.mod.fart	50
tsz/compiler/smith/intent/ffi.mod.fart	141
tsz/compiler/smith/intent/finalize.mod.fart	102
tsz/compiler/smith/intent/flow.mod.fart	106
tsz/compiler/smith/intent/for_loop.mod.fart	182
tsz/compiler/smith/intent/functions.mod.fart	967
tsz/compiler/smith/intent/handler.mod.fart	134
tsz/compiler/smith/intent/handler_lua.mod.fart	227
tsz/compiler/smith/intent/handlers.mod.fart	84
tsz/compiler/smith/intent/header.mod.fart	427
tsz/compiler/smith/intent/helpers.mod.fart	403
tsz/compiler/smith/intent/hex_to_color.mod.fart	33
tsz/compiler/smith/intent/icons_registry.mod.fart	119
tsz/compiler/smith/intent/identity.mod.fart	104
tsz/compiler/smith/intent/imports.mod.fart	105
tsz/compiler/smith/intent/index.mod.fart	611
tsz/compiler/smith/intent/infer_oa.mod.fart	16
tsz/compiler/smith/intent/info.mod.fart	54
tsz/compiler/smith/intent/inline_glyph.mod.fart	128
tsz/compiler/smith/intent/intent_functions.mod.fart	75
tsz/compiler/smith/intent/intent_patterns.mod.fart	230
tsz/compiler/smith/intent/intent_strict_validator.mod.fart	403
tsz/compiler/smith/intent/intent_types.mod.fart	78
tsz/compiler/smith/intent/js_logic.mod.fart	69
tsz/compiler/smith/intent/lane_page.mod.fart	23
tsz/compiler/smith/intent/lanes_chad.mod.fart	337
tsz/compiler/smith/intent/lanes_cli.mod.fart	270
tsz/compiler/smith/intent/lanes_page.mod.fart	21
tsz/compiler/smith/intent/lanes_shared.mod.fart	187
tsz/compiler/smith/intent/logs.mod.fart	122
tsz/compiler/smith/intent/lua_expr.mod.fart	205
tsz/compiler/smith/intent/lua_map_handler.mod.fart	43
tsz/compiler/smith/intent/lua_map_node.mod.fart	634
tsz/compiler/smith/intent/lua_map_style.mod.fart	186
tsz/compiler/smith/intent/lua_map_subs.mod.fart	464
tsz/compiler/smith/intent/lua_map_text.mod.fart	97
tsz/compiler/smith/intent/lua_text_eval.mod.fart	152
tsz/compiler/smith/intent/lua_text_label.mod.fart	70
tsz/compiler/smith/intent/lua_text_plain.mod.fart	15
tsz/compiler/smith/intent/lua_text_template.mod.fart	48
tsz/compiler/smith/intent/lua_text_ternary.mod.fart	225
tsz/compiler/smith/intent/lua_text_value.mod.fart	81
tsz/compiler/smith/intent/map_info.mod.fart	36
tsz/compiler/smith/intent/maps.mod.fart	25
tsz/compiler/smith/intent/mod_expr.mod.fart	185
tsz/compiler/smith/intent/mod_ffi.mod.fart	86
tsz/compiler/smith/intent/mod_functions.mod.fart	285
tsz/compiler/smith/intent/mod_helpers.mod.fart	288
tsz/compiler/smith/intent/mod_imports.mod.fart	92
tsz/compiler/smith/intent/mod_intent_functions.mod.fart	743
tsz/compiler/smith/intent/mod_intent_types.mod.fart	858
tsz/compiler/smith/intent/mod_params.mod.fart	98
tsz/compiler/smith/intent/mod_state.mod.fart	101
tsz/compiler/smith/intent/mod_state_globals.mod.fart	78
tsz/compiler/smith/intent/mod_statements.mod.fart	125
tsz/compiler/smith/intent/mod_types.mod.fart	273
tsz/compiler/smith/intent/module_contract.mod.fart	200
tsz/compiler/smith/intent/module_emit_registry.mod.fart	35
tsz/compiler/smith/intent/module_index.mod.fart	37
tsz/compiler/smith/intent/nested.mod.fart	65
tsz/compiler/smith/intent/node_contract.mod.fart	112
tsz/compiler/smith/intent/page.mod.fart	181
tsz/compiler/smith/intent/params.mod.fart	34
tsz/compiler/smith/intent/parity_intercept.mod.fart	58
tsz/compiler/smith/intent/parse.mod.fart	229
tsz/compiler/smith/intent/parse_attrs_basic.mod.fart	336
tsz/compiler/smith/intent/parse_attrs_canvas.mod.fart	262
tsz/compiler/smith/intent/parse_attrs_color.mod.fart	19
tsz/compiler/smith/intent/parse_attrs_handler.mod.fart	246
tsz/compiler/smith/intent/parse_attrs_handler_lua.mod.fart	174
tsz/compiler/smith/intent/parse_attrs_pending_style.mod.fart	242
tsz/compiler/smith/intent/parse_attrs_style_block.mod.fart	262
tsz/compiler/smith/intent/parse_attrs_style_expr_entry.mod.fart	84
tsz/compiler/smith/intent/parse_attrs_style_expr_parser.mod.fart	371
tsz/compiler/smith/intent/parse_attrs_style_expr_spec.mod.fart	254
tsz/compiler/smith/intent/parse_attrs_style_expr_tokenizer.mod.fart	180
tsz/compiler/smith/intent/parse_attrs_style_normalize.mod.fart	75
tsz/compiler/smith/intent/parse_attrs_style_ternary.mod.fart	37
tsz/compiler/smith/intent/parse_attrs_style_value.mod.fart	235
tsz/compiler/smith/intent/parse_attrs_text_color.mod.fart	16
tsz/compiler/smith/intent/parse_attrs_value_expr.mod.fart	213
tsz/compiler/smith/intent/parse_attrs_value_expr_lua.mod.fart	201
tsz/compiler/smith/intent/parse_brace_computed.mod.fart	82
tsz/compiler/smith/intent/parse_brace_conditional.mod.fart	202
tsz/compiler/smith/intent/parse_brace_maps.mod.fart	267
tsz/compiler/smith/intent/parse_brace_render_local.mod.fart	194
tsz/compiler/smith/intent/parse_brace_ternary.mod.fart	328
tsz/compiler/smith/intent/parse_brace_util.mod.fart	51
tsz/compiler/smith/intent/parse_build_node.mod.fart	288
tsz/compiler/smith/intent/parse_chained_expr.mod.fart	235
tsz/compiler/smith/intent/parse_children_brace.mod.fart	265
tsz/compiler/smith/intent/parse_children_brace_computed.mod.fart	363
tsz/compiler/smith/intent/parse_children_brace_maps.mod.fart	265
tsz/compiler/smith/intent/parse_children_brace_util.mod.fart	126
tsz/compiler/smith/intent/parse_children_conditional_blocks.mod.fart	244
tsz/compiler/smith/intent/parse_children_elements.mod.fart	275
tsz/compiler/smith/intent/parse_children_inline_glyph.mod.fart	169
tsz/compiler/smith/intent/parse_children_text.mod.fart	350
tsz/compiler/smith/intent/parse_component_brace_values.mod.fart	329
tsz/compiler/smith/intent/parse_component_handlers.mod.fart	81
tsz/compiler/smith/intent/parse_component_inline.mod.fart	124
tsz/compiler/smith/intent/parse_conditional_blocks.mod.fart	230
tsz/compiler/smith/intent/parse_element_attrs_basic.mod.fart	224
tsz/compiler/smith/intent/parse_element_attrs_canvas.mod.fart	206
tsz/compiler/smith/intent/parse_element_attrs_handlers.mod.fart	260
tsz/compiler/smith/intent/parse_element_attrs_spatial.mod.fart	232
tsz/compiler/smith/intent/parse_element_attrs_text_color.mod.fart	166
tsz/compiler/smith/intent/parse_element_component_brace_values.mod.fart	199
tsz/compiler/smith/intent/parse_element_component_handlers.mod.fart	99
tsz/compiler/smith/intent/parse_element_component_inline.mod.fart	394
tsz/compiler/smith/intent/parse_element_defaults.mod.fart	158
tsz/compiler/smith/intent/parse_element_flow.mod.fart	169
tsz/compiler/smith/intent/parse_element_postprocess.mod.fart	175
tsz/compiler/smith/intent/parse_element_tags.mod.fart	119
tsz/compiler/smith/intent/parse_element_value_readers.mod.fart	91
tsz/compiler/smith/intent/parse_for_loop.mod.fart	211
tsz/compiler/smith/intent/parse_handler.mod.fart	192
tsz/compiler/smith/intent/parse_handler_lua.mod.fart	216
tsz/compiler/smith/intent/parse_handlers_press.mod.fart	223
tsz/compiler/smith/intent/parse_infer_oa.mod.fart	16
tsz/compiler/smith/intent/parse_inline_glyph.mod.fart	128
tsz/compiler/smith/intent/parse_map.mod.fart	80
tsz/compiler/smith/intent/parse_map_context.mod.fart	99
tsz/compiler/smith/intent/parse_map_for_loop.mod.fart	471
tsz/compiler/smith/intent/parse_map_for_loop_full.mod.fart	561
tsz/compiler/smith/intent/parse_map_header.mod.fart	431
tsz/compiler/smith/intent/parse_map_infer_oa.mod.fart	321
tsz/compiler/smith/intent/parse_map_info.mod.fart	56
tsz/compiler/smith/intent/parse_map_nested.mod.fart	54
tsz/compiler/smith/intent/parse_map_plain.mod.fart	100
tsz/compiler/smith/intent/parse_pending_style.mod.fart	232
tsz/compiler/smith/intent/parse_style_block.mod.fart	16
tsz/compiler/smith/intent/parse_style_expr_entry.mod.fart	104
tsz/compiler/smith/intent/parse_style_expr_parser.mod.fart	373
tsz/compiler/smith/intent/parse_style_expr_spec.mod.fart	277
tsz/compiler/smith/intent/parse_style_expr_tokenizer.mod.fart	207
tsz/compiler/smith/intent/parse_style_expr_tokens.mod.fart	129
tsz/compiler/smith/intent/parse_style_normalize.mod.fart	67
tsz/compiler/smith/intent/parse_style_ternary.mod.fart	16
tsz/compiler/smith/intent/parse_style_value.mod.fart	95
tsz/compiler/smith/intent/parse_template_literal.mod.fart	372
tsz/compiler/smith/intent/parse_utils.mod.fart	57
tsz/compiler/smith/intent/parse_value_expr_lua.mod.fart	173
tsz/compiler/smith/intent/parse_value_readers.mod.fart	159
tsz/compiler/smith/intent/pattern_atoms.mod.fart	95
tsz/compiler/smith/intent/pending_style.mod.fart	231
tsz/compiler/smith/intent/plain.mod.fart	28
tsz/compiler/smith/intent/postprocess.mod.fart	138
tsz/compiler/smith/intent/preflight_classifiers.mod.fart	117
tsz/compiler/smith/intent/preflight_context.mod.fart	91
tsz/compiler/smith/intent/preflight_dyn.mod.fart	211
tsz/compiler/smith/intent/preflight_intent_patterns.mod.fart	360
tsz/compiler/smith/intent/preflight_maps.mod.fart	44
tsz/compiler/smith/intent/preflight_route_scan.mod.fart	216
tsz/compiler/smith/intent/preflight_rules.mod.fart	329
tsz/compiler/smith/intent/preflight_rules_classifiers.mod.fart	79
tsz/compiler/smith/intent/preflight_rules_dyn.mod.fart	109
tsz/compiler/smith/intent/preflight_rules_handlers.mod.fart	157
tsz/compiler/smith/intent/preflight_rules_maps.mod.fart	75
tsz/compiler/smith/intent/preflight_rules_unimplemented.mod.fart	87
tsz/compiler/smith/intent/preflight_state.mod.fart	74
tsz/compiler/smith/intent/preflight_unimplemented.mod.fart	83
tsz/compiler/smith/intent/press.mod.fart	208
tsz/compiler/smith/intent/rebuild_map.mod.fart	206
tsz/compiler/smith/intent/replace_field_refs.mod.fart	37
tsz/compiler/smith/intent/route_scan.mod.fart	417
tsz/compiler/smith/intent/routing_check.mod.fart	118
tsz/compiler/smith/intent/rules.mod.fart	408
tsz/compiler/smith/intent/sanitize_for_lua.mod.fart	243
tsz/compiler/smith/intent/shared.mod.fart	163
tsz/compiler/smith/intent/split.mod.fart	318
tsz/compiler/smith/intent/state.mod.fart	450
tsz/compiler/smith/intent/state_access.mod.fart	52
tsz/compiler/smith/intent/state_globals.mod.fart	18
tsz/compiler/smith/intent/statements.mod.fart	102
tsz/compiler/smith/intent/strict_validator.mod.fart	395
tsz/compiler/smith/intent/style_assignments.mod.fart	74
tsz/compiler/smith/intent/style_block.mod.fart	113
tsz/compiler/smith/intent/style_expr_entry.mod.fart	90
tsz/compiler/smith/intent/style_expr_parser.mod.fart	357
tsz/compiler/smith/intent/style_expr_spec.mod.fart	196
tsz/compiler/smith/intent/style_expr_tokenizer.mod.fart	158
tsz/compiler/smith/intent/style_expr_tokens.mod.fart	108
tsz/compiler/smith/intent/style_normalize.mod.fart	35
tsz/compiler/smith/intent/style_ternary.mod.fart	16
tsz/compiler/smith/intent/style_value.mod.fart	130
tsz/compiler/smith/intent/tags.mod.fart	76
tsz/compiler/smith/intent/template_literal.mod.fart	55
tsz/compiler/smith/intent/ternary.mod.fart	81
tsz/compiler/smith/intent/text.mod.fart	219
tsz/compiler/smith/intent/transforms.mod.fart	234
tsz/compiler/smith/intent/tree_node.mod.fart	212
tsz/compiler/smith/intent/truthiness.mod.fart	67
tsz/compiler/smith/intent/types.mod.fart	309
tsz/compiler/smith/intent/unimplemented.mod.fart	49
tsz/compiler/smith/intent/utils.mod.fart	61
tsz/compiler/smith/intent/validate.mod.fart	129
tsz/compiler/smith/intent/value_expr.mod.fart	147
tsz/compiler/smith/intent/value_expr_lua.mod.fart	190
tsz/compiler/smith/intent/value_readers.mod.fart	181
tsz/compiler/smith/intent/wire_handler_ptrs.mod.fart	38
tsz/compiler/smith/intent/wrap_condition.mod.fart	35
tsz/compiler/smith/intent/zig_node_to_lua.mod.fart	81
tsz/compiler/smith/intent/zscript_native.mod.fart	708
